[
    {
        "joke_id": "1",
        "joke_date": "2024-04-13",
        "joke_question": "11월에 뱀이나 벌이 없는 이유는?",
        "joke_answer": "노뱀벌",
        "user_id": "narihwa113",
        "joke_likes": "28",
        "joke_dislikes": "16",
        "views": "3556"
    },
    {
        "joke_id": "2",
        "joke_date": "2024-04-13",
        "joke_question": "차가 울면?",
        "joke_answer": "잉카",
        "user_id": "zxz7648",
        "joke_likes": "31",
        "joke_dislikes": "0",
        "views": "2000"
    },
    {
        "joke_id": "3",
        "joke_date": "2024-04-11",
        "joke_question": "매일 미안해하는 동물은?",
        "joke_answer": "오소리",
        "user_id": "zxz7648",
        "joke_likes": "18",
        "joke_dislikes": "16",
        "views": "3461"
    },
    {
        "joke_id": "4",
        "joke_date": "2024-04-13",
        "joke_question": "비단구렁이의 몸무게는?",
        "joke_answer": "π톤",
        "user_id": "zxz7648",
        "joke_likes": "28",
        "joke_dislikes": "16",
        "views": "3242"
    },
    {
        "joke_id": "5",
        "joke_date": "2024-04-13",
        "joke_question": "멕시코인들이 좋아하는 음식은?",
        "joke_answer": "가자미국",
        "user_id": "narihwa",
        "joke_likes": "28",
        "joke_dislikes": "16",
        "views": "952"
    }
]