[
    {
        "joke_id": "1",
        "joke_date": "2024-04-13",
        "joke_question": "비실이가 총을 쏘면?",
        "joke_answer": "탕비실",
        "user_id": "zxz7648",
        "joke_likes": "28",
        "joke_dislikes": "16",
        "views": "3561"
    },
    {
        "joke_id": "2",
        "joke_date": "2024-04-13",
        "joke_question": "루이 16세의 유언은?",
        "joke_answer": "제목없음",
        "user_id": "zxz7648",
        "joke_likes": "28",
        "joke_dislikes": "16",
        "views": "1423"
    },
    {
        "joke_id": "3",
        "joke_date": "2024-04-11",
        "joke_question": "매일 미안해하는 동물은?",
        "joke_answer": "오소리",
        "user_id": "zxz7648",
        "joke_likes": "28",
        "joke_dislikes": "16",
        "views": "3461"
    },
    {
        "joke_id": "4",
        "joke_date": "2024-04-13",
        "joke_question": "비단구렁이의 몸무게는?",
        "joke_answer": "π톤",
        "user_id": "zxz7648",
        "joke_likes": "28",
        "joke_dislikes": "16",
        "views": "3242"
    },
    {
        "joke_id": "5",
        "joke_date": "2024-04-13",
        "joke_question": "가장 지루한 중학교는?",
        "joke_answer": "로딩중",
        "user_id": "narihwa",
        "joke_likes": "28",
        "joke_dislikes": "16",
        "views": "952"
    }
]