<?xml version="1.0" encoding="UTF-8"?>
<!DOCTYPE mapper
    PUBLIC "-//mybatis.org//DTD Mapper 3.0//EN"
    "https://mybatis.org/dtd/mybatis-3-mapper.dtd">
<mapper namespace="kr.co.dadrip.memberMapper">
	
	<!-- 회원가입 -->
	<insert id="insertMember">
		INSERT INTO member (member_id, nickname, member_pw, email, birthday, sex)
		VALUES (#{member_id}, #{nickname}, #{member_pw}, #{email}, #{birthday}, #{sex})
	</insert>
	
	<!-- 로그인 -->
	<select id="loginMember" resultType="kr.co.dadrip.domain.MemberDTO">
		SELECT  *
		FROM    member
		WHERE   member_id = #{member_id}
		AND     member_pw = #{member_pw}
	</select>
	
	<!-- 내 회원정보 조회 -->
	<select id="selectMember" resultType="kr.co.dadrip.domain.MemberDTO">
		SELECT	*
		FROM	member
		WHERE	member_id = #{member_id}
	</select>
	
	<!-- 회원정보 변경(이메일은 인증용으로 사용되기 때문에 제외) -->
	<update id="updateMember">
		UPDATE	member
		SET		nickname = #{nickname}, member_pw = #{member_pw}, birthday = #{birthday}, sex = #{sex}
		WHERE	member_id = #{member_id}
	</update>
	
	<!-- 회원 탈퇴 -->
	<delete id="deleteMember">
		DELETE
		FROM    member
		WHERE   member_id = #{member_id}
	</delete>
	
	<!-- 전체 회원 조회 -->
	<select id="listAllMembers" resultType="kr.co.dadrip.domain.MemberDTO">
		SELECT  member_id, nickname, member_pw, email, birthday, sex, registered_on
		FROM    member
	</select>
	
	<!-- 아이디 중복 체크 -->
	<select id="idCheck" parameterType="String" resultType="int">
		SELECT	COUNT(member_id)
		FROM	member
		WHERE	member_id = #{member_id}
	</select>
	
	<!-- 이메일 중복 체크 -->
	<select id="emailCheck" parameterType="String" resultType="int">
		SELECT	COUNT(email)
		FROM	member
		WHERE	email = #{email}
	</select>
	
</mapper>