<?xml version="1.0" encoding="UTF-8"?>
<!DOCTYPE mapper
    PUBLIC "-//mybatis.org//DTD Mapper 3.0//EN"
    "https://mybatis.org/dtd/mybatis-3-mapper.dtd">
<mapper namespace="kr.co.dadrip.mapper.VoteMapper">

	<insert id="insert">
		INSERT INTO vote(vote_id, joke_id, member_id, vote_type)
	    VALUES (vote_seq.nextval, #{joke_id}, #{member_id}, #{vote_type})
	</insert>
	
	<select id="checkVote" resultType="kr.co.dadrip.domain.VoteDTO">
		SELECT	*
		FROM	vote
		WHERE	joke_id = #{joke_id}
		AND		member_id = #{member_id}
	</select>
	
	<delete id="delete">
		DELETE
		FROM	vote
		WHERE	joke_id = #{joke_id}
		AND		member_id = #{member_id}
	</delete>
	
	<update id="update">
		UPDATE	vote
		SET		voted_on = sysdate, vote_type = #{vote_type}
		WHERE	joke_id = #{joke_id}
		AND		member_id = #{member_id}
	</update>
	
</mapper>